id,source,reference,prediction
00f0d841-eb7a-46f8-86fc-bf9fd7d52cbf,"translate Akkadian to English: um-ma šu-ta-mu-zi e-lá-a en-um-a-šùr ù lá-ma-sí-ma a-na en-um-a-šùr ù a-lá-ḫi-im

Retrieved source: KIŠIB šu-ta-mu-zi e-la-a en-um-a-šùr DUMU e-la-ma ù lá-ma-sí a-na en-um-a-šùr
Retrieved English hint: Sealed by Šu-Tammuzī, Elaya, Ennam-Aššur son of Elamma and Lamassī; to Ennam-Aššur.
qí-bi₄-ma a-ma-la na-áš-pé-er-tí-ku-nu ra-bi-ṣa-am ni-ḫu-za-ku-nu-tí a-bi-a DUMU be-e-be ra-bi₄-iṣ-ni i-na ša-am-ší ša ra-bi-ṣú-um e-ra-ba-ni iḫ-da-ma

Retrieved source: um-ma a-ta-ta šu-a-nu-um da-na-a ù la-ma-sí-ma a-na a-lá-ḫi-im qí-bi-ma a-na ma-la tí-ir-tí-kà ṭup-pá-am ša a-lim{ki} ni-il₅-qé-a-ku-um ù ra-bi-ṣa-am ni-ḫu-za-…
Retrieved English hint: From Atata, Šu-Anum, Dannaya and Lamassī to Ali-ahum: In accordance with your instructions we got a tablet of the City for you; also, we hired an attorney for you. Following the verdict of the City they must release the…
i-zi-za-ma lu DAM.GÀR a-bi-ku-nu lu ša a-wa-tám tí-šu-a-ni ra-bi-ṣú-um i-na ša-ḫa-tí-ku-nu li-zi-iz-ma i-na KÙ.BABBAR pá-ni-ma

Retrieved source: i ša-ḫa-tí-ku-nu li-zi-iz-ma ki-ma 13 ma-na.TA a-na um-me-a-ni-šu i-dí-nu ù šu-ut 13 ma-na.TA a-na li-mì-im li-dí-in
Retrieved English hint: Have the eponym assist you there and since he gave 13 minas each to his investors he should also give 13 minas each to the eponym
a-šar ta-ma-ḫa-ra-ni KÙ.BABBAR ša É a-lim{ki} šu-ta-aṣ-bi-ta-ma ma-lá a-bu-ku-nu ḫa-bu-lu KÙ.BABBAR ku-un-kà-ma šé-bi-lá-nim ra-bi₄-ṣú-um iš-tí-ku-nu

Retrieved source: ta-ur a-pu-tum a-ma-kam i-ḫi-id-ma ra-ma-kà za-ki-a-ma tí-ib-a-ma a-tal-kam a-na-kam KÙ.BABBAR ša É a-lim{ki} ṣí-ib-tum im-tí-da-ku-nu-tí ù šu-ma a-ta sà-aḫ-ra…
Retrieved English hint: Urgent, take care there, clear yourself, set out and come Here interest on the silver due to the City Hall has increased for you, so if you are delayed, then have the silver of the City Hall procured, seal it and give i…
li-ik-nu-uk-ma KÙ.BABBAR šé-bi-lá-nim-ma li-ma-am lu nu-ša-bi ṣí-ba-at ṣí-ib-tim lá i-ma-i-da-ku-nu-tí-ma li-ba-ku-nu e im-ra-aṣ ma-lá e-ṭá-ar É a-bi₄-ku-nu ep-ša šu-ma ta-da-ga-lá-ma ṭup-pu ḫa-ru-mu-tum

Retrieved source: ni-ik-nu-uk-ma a-na a-lim lu ni-lik
Retrieved English hint: Witnessed by Enna-Suen, by Šar-Adad, by Ilī-bāni ""
ú ba-ba-a-tum ru-qá-tum i-ba-ší-ú ṭup-pí ku-un-kà-ma a-na DUMU um-me-a-nim ke-nim ša ki-ma

Retrieved source: a-wa-at kà-ri-im ṣí-ib-tám ú-ṣa-áb a-ḫu-ú-a be-lu-ú-a a-tù-nu a-wi-lúm a-dí ma-lá ù ší-ni-šu iṣ-li-a-ni ṣa-áb-ta-šu-ma KÙ.BABBAR ù ṣí-ba-sú ma-lá ta-le-e-a-ni…
Retrieved English hint: My dear brothers and lords, the man has cheated me once or twice Seize him and have him pay the silver and as much interest as you can manage and then buy tin for me, seal it and give it to a reliable affiliated trader…
ku-nu-tí pí-iq-da-ma u₄-me-e-ku-nu ba-lu-um mì-ma-ma lá tù-ri-qá-ma lá ta-sà-ḫu-ra iš-tí ra

Retrieved source: ma-lá ša-áp-tám i-za-ku-a-ni ší-bé-e šu-uk-na-šu-nu-tí ki-ma ša-áp-tum ú 7 ANŠE.ḪI.A ša en-um-a-šur ša-áp-tám kà-ni-kà-ma ku-nu-ki-ku-nu iš-tí lu-qú-tí-a-ma pí…
Retrieved English hint: is cleared, stating that the wool and 7 donkeys belong to Ennam-Aššur Seal the wool and entrust it under your seals together with my other goods so they may conduct it here
nan

Retrieved source: KIŠIB ma-nu-ba-lúm-a-šur DUMU ṣí-lá-{d}IM KIŠIB šu-{d}EN.LÍL DUMU ma-nu-ki-a-šur KIŠIB MAN-a-šur DUMU a-ta-a 0.3333 ma-na 2 GÍN KÙ.BABBAR SIG₅ i-ṣé-er PUZUR₄-a…
Retrieved English hint: Seal of Mannum-balum-Aššur son of Ṣilli-Adad, seal of Šu-Illil son of Mannum-kī-Aššur, seal of Puzur-Aššur son of Ataya Puzur-Aššur son of Ataya owes 22 shekels of good silver to Ali-ahum Reckoned from the week of Ilī-d…","From Šu-Tammuzī, Elaya, Ennam-Aššur and Lamassī to Ennam-Aššur and Ali-ahum: In accordance with your missive we have hired a attorney for you Abiya son of Bebe is our attorney Take care to stand by the very day the attorney arrives, and have the attorney assist you
both with regard to the customers of your father and those with whom you have an argument, and of the first silver, wherever you receive it, collect the silver of the City Hall, as much as your father owes, seal the silver and send it
the attorney should seal it together with you, and then send the silver so we can satisfy the eponym The compound interest should not grow too big for you and make you unhappy Act so as to save your father's house If you observe
that there are certified deeds and credits outstanding on long terms, then seal the tablets, entrust them to a trustworthy affiliated trader, like yourselves, and do not extend your terms without special reasons, do not delay but set out and come together with the attorney
Here we seized (witnesses) against Šu-Kūbum and said: Did Šalim-Aššur give you 5 minas of silver out of those in your tablet "" He refused to confirm to us the silver, what you will declare there 0 6666 mina of silver: hire for the attorney he received 0 3333 mina of silver here and will receive 0 3333 mina there We gave 16 3333 shekels of silver for their disposal
36 6666 shekels of silver, their expenses, we borrowed in a merchant-house against interest Seal silver there and send it with the first transport so we can pay back the merchant Also, send at least 1 or 2
minas of silver send it so we can store 40 litres of grain before you come Elaya says: If you are truly my brothers, you must seal the proceeds from the textile in silver and do me a favour
""","Sealed by Šu-Tammuzī, Elaya, Ennam-Aššur son of Elamma and Lamassī; to Ennam-Aššur.
From Atata, Šu-Anum, Dannaya and Lamassī to Ali-ahum: In accordance with your instructions we got a tablet of the City for you; also, we hired an attorney for you. Following the verdict of the City for you; also, we hired an attorney for you. Following the verdict of the City for you; also, we hired an attorney for you. Following the verdict of the City for you; also, we hired an
The eponym assist you there and since he gave 13 minas each to his investors he should also give 13 minas each to his investors he should also give 13 minas each to his investors he should also give 13 minas each to the eponym
Take care there, clear yourself, set out and come Here interest on the silver due to the City Hall has increased for you, so if you are delayed, then have the silver of the City Hall procured, seal it and give i…
From witnessed by Enna-Suen, by Šar-Adad, by Ilī-bāni ""
The man has cheated me once or twice Seize him and have him pay the silver and as much interest as you can manage and then buy tin for me, seal it and give it to a reliable affiliated trader…
The wool and 7 donkeys belong to Ennam-Aššur Seal the wool and entrust it under your seals together with my other goods so they may conduct it here
Seal of Mannum-balum-Aššur son of Ṣilli-Adad, seal of Šu-Illil son of Mannum-kī-Aššur, seal of Puzur-Aššur son of Ataya owes 22 shekels of good silver to Ali-ahum Reckoned from the week of Ilīd…"
02351a98-b66c-42eb-90a7-11d834afe8e8,"translate Akkadian to English: a-na ša-lim-a-šùr qí-bi-ma um-ma i-dí-a-bu-um i-tur₄-DINGIR i-na-aḫ-DINGIR en-um-a-šùr ù a-la-ḫu-um-ma ta-áš-pu-ra-am um-ma a-ta-ma

Retrieved source: um-ma ša-lim-a-šùr-ma a-na i-dí-a-bi-im i-tur₄-DINGIR en-na-nim e-na-aḫ-DINGIR ù en-um-a-šùr-ma a-dí ša ta-áš-pu-ra-ni-ni um-ma a-tù-nu-ma a-na kà-ri-im er-ba-…
Retrieved English hint: From Šalim-Aššur to Iddin-abum, Itūr-ilī, Ennānum, Enah-ilī and Ennam-Aššur: As to what you wrote to me about, saying: Enter the colony and bring your house in order, and then, clear the affairs with your sons and do no…
<gap> ku-ta-nu a-ḫa-ma 92 TÚG a-ba-ar-ni-ú <gap>-a-šùr qí-ip-tim <gap> ku-ta-ni <gap> bu-ra-e <gap> ta-áš-pu-ra-ni <gap> ku <gap>-at-ma

Retrieved source: ga-me-er <gap>-na a-na <gap> na <gap> 0.8333 ma-na <gap> UD.ḪI.A bu <gap>-na ra-bi₄-ṣí-im <gap> 0.5 ma-na <gap> 25 TÚG <gap> 30 ma-na <gap> ù 35 TÚG <gap> šu-k…
Retrieved English hint: Timelkiya, I paid 2 minas 10 shekels of silver for carriage of the tin and the textiles from hahhum to hurama.
a-ta a-ma-kam <gap> nim <gap> mu-ur ŠU.NÍGIN ṣú-ba-tí-kà <gap> me-at <gap> TÚG.ḪI-a i-ŠÀ 4 ku-sí-a-tim 2 TÚG bu-ra-e a-na 27.8333 ma-na 2 GÍN AN.NA <gap>-nim ta-la-qé 1 me-at <gap> ṣú-ba-tù <gap> lu

Retrieved source: ŠU.NÍGIN KÙ.BABBAR-pì-kà 15 ma-na 10 GÍN lu ša AN.NA ú ṣú-ba-tí-kà ku-nu-ki-ni ṣí-li-a na-áš-a-ku-um
Retrieved English hint: Total of your silver: 15 minas 10 shekels, Ṣilliya brings you under our seal - both that from the tin and that from your textiles.
ku-ta-nu <gap> 7 TÚG a-ba-ar-ni-ú <gap> TÚG kam-sú-tim dam-qú-tim 1 ku-ta-num ù ku-<gap>-ar ir-<gap> i-na <gap>-a-šùr <gap> 30 TÚG ku-ta-ni SIG₅ <gap> e-zi-ib 4 TÚG <gap>-šu 11 ma-na

Retrieved source: GÍN KÙ.BABBAR <gap> ší-tí <gap> KÙ.GI <gap> ù <gap> 0.3333 ma-na <gap> e-zi-ib 1 ma-na <gap> 1 me-at 56 TÚG ku-ta-nu 12 ma-na 18 GÍN KÙ.BABBAR it-bu-lu
Retrieved English hint: <gap> mina less 1 shekel of silver: transport tariff 8 3333 shekels of silver: export duty 0 3333 mina 4 shekels of silver: both harness for the donkeys and their fodder - in all: 19 minas 4 3333 shekels of silver Pilah…
<gap>-6 GÍN <gap> ri <gap> ta-ma <gap> 4 me-at 7 <gap>-tim <gap> 50 TÚG a-na <gap> 7 TÚG ni-is-ḫa-tum <gap> 20 <gap> a-na <gap> ú 3

Retrieved source: <gap> ta <gap> áš <gap> ta al ta zi it <gap> a-ša-kà-ku-ni <gap> a-na <gap> na <gap> me-ma <gap> me <gap> zu <gap> TÚG <gap> me-at <gap>
Retrieved English hint: "" Urgent, my dear brothers and lords, he terrified the house there <gap> His message should come to my representatives, so I can set out and come <gap>""
me-at 17 <gap> TÚG ša li-we-tim <gap> TÚG ku-ta-nu-kà <gap> kur-ub-IŠTAR 5 <gap> ku-nu-ki <gap> ku-ta-nu i-na É <gap>-kà i-ba-ší-ú i-na <gap> ša a-na a-la-ḫi-im ta-dí-nu <gap> ANŠE i-n

Retrieved source: 96 ku-ta-nu ša ì-lí-a 12 ku-ta-nu ša a-šur-lá-ma-sí 1 me-at <gap> ša kur-ub-IŠTAR 1 me-at LÁ 2 ša e-lá-ma
Retrieved English hint: 96 -textiles of Iliya, 12 -textiles of Aššur-lamassī, 100 of Kurub-Ištar, 98 of Elamma.","To Šalim-Aššur from Iddin-abum, Itūr-ilī, Inah-ilī, Ennam-Aššur and Ali-ahum: You have written us, saying: x, further, 92 Abarnian textiles, <gap>"" <gap> -Aššur <gap> of credit <gap> -textiles that you wrote <gap> you
must <gap> there; <gap> total of your textiles: <gap> hundred textiles; thereof 4 robes, 2 -textiles you will receive for 27.8333 minas 2 shekels of tin <gap> 100 <gap> textiles <gap>
either <gap> 7 Abarnian textiles <gap> fine -textiles <gap> 1 <gap> 30 fine -textiles <gap> apart from 4 textiles <gap>50 textiles for <gap> 7 textiles, the import duty, <gap> textiles for the wrapping <gap> your -textiles <gap> Kurub-Ištar <gap> sealed <gap> in the house <gap> are available <gap> that you gave to Ali-ahum, <gap> donkeys died during the journey, their <gap> he
bought for 32 shekels of silver; 23 donkeys has <gap>-Aššur <gap> to Burušhaddum; <gap> 10 donkeys Ali-ahum left in support of your goods. 1 donkey <gap> bought. Of the 2 minas of silver that you gave for his disposal 32 shekels of silver he paid as the price of <gap> For the rest of your silver, <gap> minas 2 shekels of his tin
600 nails <gap> I returned to you. 86 green ones <gap> of the wool <gap> 5 minas 8 shekels of tin <gap> 24 minas each. 1 talent of copper that your eye <gap> and 4 <gap> 20-<gap> minas 5 shekels of tin under your seal <gap> that when they <gap> released, now, 4 talents 12 minas of theirs; 27! 0.8333 minas 2
shekels of tin he received for 4 robes and 2 -textiles, and your tin, 5 talents 57 minas 7 shekels - 4 talents <gap> Dadaya <gap> Qaqqadānum <gap> and 0.5 mina Aššur-<gap> of 48 <gap> Uzuwa to Kanesh <gap> tin and textiles 10 <gap> 10.5 minas of tin <gap> to the son of Ikra<gap> the rest of your tin: 30 <gap> in <gap>""","To Šalim-Aššur to Iddin-abum, Itūr-ilī, Ennānum, Enah-ilī and Ennam-Aššur: As to what you wrote to me about, saying: Enter the colony and bring your house in order, and then, clear the affairs with your sons and do no…
Timelkiya, I paid 2 minas 10 shekels of silver for carriage of the tin and the textiles from hahhum to Hurama.
Total of your silver: 15 minas 10 shekels, Ṣilliya brings you under our seal - both that from the tin and that from your textiles.
Transport tariff 8 3333 shekels of silver: export duty 0 3333 mina 4 shekels of silver: both harness for the donkeys and their fodder - in all: 19 minas 4 3333 shekels of silver: both harness for the donkeys and their fodder - in all: 19 minas 4 3333 shekels of silver: both harness for the donkeys and their fodder - in all: 19 minas 4 3333 shekels of silver: both harness for the do
There <gap> his message should come to my representatives, so I can set out and come <gap>""
The 96 kutānus of Iliya, 12 -textiles of Aššur-lamassī, 100 of Kurub-Ištar, 98 of Elamma."
02d16b63-3fab-4c1d-8262-4cd74f6532f1,"translate Akkadian to English: 9 GÍN AN.NA e-lu-ḫu-ut 10 GÍN AN.NA ú šál-ša-tim en-na-nu-um <gap> ma-na <gap>

Retrieved source: ma-na AN.NA ša-a-ma-nim ù 40 ma-na AN.NA ša li-bi-kà ra-dí-ma iš-té-ni-iš 1 GÚ AN.NA šé-bi-lam AN.NA lu ù <gap> 40 ma-na AN.NA ša li-bi-kà en-nam-a-šur li-ik-n…
Retrieved English hint: send me 1 talent of tin The tin should <gap> Ennam-Aššur should seal the 40 minas of tin in your possession The tin that you purchase yourselves, you personally must seal it together with him",9 shekels of tin: Eluhut;,"Send me 1 talent of tin The tin should <gap> Ennam-Aššur should seal the 40 minas of tin in your possession The tin that you purchase yourselves, you personally must seal it together with him"
041c9029-8f6f-40f8-989b-77a75878221c,"translate Akkadian to English: a-na a-lá-ḫi-im qí-bi₄-ma um-ma PUZUR₄-a-šur-ma 0.5 ma-na KÙ.BABBAR a-na pá-ni-a ša a-ḫu-zu-ma tù-šé-bi₄-lá-ni 0.5 ma-na KÙ.BABBAR ku-nu-ki-a en-na-num DUMU ku-zi-a ub-lá-ku-um a-ḫi a-ta na-áš-pè-ra-tim ša a-lim{ki} ša

Retrieved source: a-na a-lá-ḫi-im qí-bi₄-ma um-ma PUZUR₄-a-šur-ma 0.5 ma-na KÙ.BABBAR ša a pá-ni-a a ḫu-ra-ma tù-šé-bi₄-lá-ni-ma 0.5 ma-na KÙ.BABBAR ku-nu-ki-a en-na-nu-um DUMU…
Retrieved English hint: To Ali-ahum from Puzur-Aššur: As to the 0.5 mina of silver that you sent to me in hurrama, Ennānum son of Kuziya brings you 0.5 mina of silver under my seal. The missives from theCity that they brought to you, my dear b…
en-na-num ub-lá-ku-ni i-ḫi-id-ma a ba-tí-qí-im pá-ni-im-ma dí-in-ma lu-ub-lu iš-tí wa-ṣí-im pá-ni-im-ma lu-ṣí-am

Retrieved source: a-na a-lá-ḫi-im qí-bi₄-ma um-ma PUZUR₄-a-šur-ma 0.5 ma-na KÙ.BABBAR ša a pá-ni-a a ḫu-ra-ma tù-šé-bi₄-lá-ni-ma 0.5 ma-na KÙ.BABBAR ku-nu-ki-a en-na-nu-um DUMU…
Retrieved English hint: To Ali-ahum from Puzur-Aššur: As to the 0.5 mina of silver that you sent to me in hurrama, Ennānum son of Kuziya brings you 0.5 mina of silver under my seal. The missives from theCity that they brought to you, my dear b…","To Ali-ahum from Puzur-Aššur: 0 5 mina of silver that I acquired for myself( ) and you sent to me, 0 5 mina of silver under my seal Ennānum son of Kuziya brought to you My dear brother, pay attention to the missives from the City that Ennānum brought to you, and give it (an answer
) to the very first express transport so they may bring it He should leave with the first travellers to depart","To Ali-ahum from Puzur-Aššur: As to the 0.5 mina of silver that you sent to me in hurrama, Ennānum son of Kuziya brings you 0.5 mina of silver that you sent to me in hurrama, Ennānum son of Kuziya brings you 0.5 mina of silver that you sent to me in hurrama, Ennānum son of Kuziya brings you 0.5 mina of silver that you sent to me in hurrama, Ennānum son of Kuziya brings you 0.
To Ali-ahum from Puzur-Aššur: As to the 0.5 mina of silver that you sent to me in hurrama, Ennānum son of Kuziya brings you 0.5 mina of silver under my seal. The missives from theCity that they brought to you, my dear b…"
04939319-b287-455f-9634-e86658e6e392,"translate Akkadian to English: a-na a-ḫa-tim KIŠIB a-lá-ḫi-im ù KIŠIB i-dí-a-bi₄-im

Retrieved source: a-na en-nam-a-šur KIŠIB a-lá-ḫi-im ù a-mur-IŠTAR
Retrieved English hint: To Ennam-Aššur, sealed by Ali-ahum and <gap>-Ištar.",To Ahātum; seal of Ali-ahum and seal of Iddin-abum.,"To Ennam-Aššur, sealed by Ali-ahum and <gap>-Ištar."
04e66f12-63a3-45ce-b27a-cc74cea47f60,"translate Akkadian to English: KIŠIB a-lá-ḫi-im DUMU e-lá-lí KIŠIB en-nam-a-šur DUMU en-na-sú-in KIŠIB dan-a-šur DUMU šál-mì-ḫi-im KIŠIB pu-šu-ki-in DUMU sú-e-a šu-ma a-šur-ta-ak-lá-ku na-ru-qám a-na

Retrieved source: a-na en-nam-a-šur KIŠIB a-lá-ḫi-im ù a-mur-IŠTAR
Retrieved English hint: To Ennam-Aššur, sealed by Ali-ahum and <gap>-Ištar.
en-nam-a-šur i-tí-dí-in i-na 1 GÚ 2 ma-na KÙ.BABBAR ša ṭup-pì-šu ḫa-ar-mì-im ša en-nam-a-šur 2 ma-na KÙ.BABBAR i-lá-qé-ma 3 ma-na KÙ.GI iš-tí um-me-a-ni-šu šu-mì pu-šu-ki-in i-lá-pá-at

Retrieved source: 1.5 GÍN.TA i-na ITU.KAM a-na 1 ma-na-im ú-ṣa-áb šu-ma lá-ma u₄-me-šu ṭup-pu-šu i-lá-pu-tù 5 ma-na KÙ.GI šu-mì šu-{d}EN.LÍL i-lá-pá-at IGI a-mur-IŠTAR IGI en-na…
Retrieved English hint: 5 shekel per month per mina If they write his tablet before his term is up, he shall book 5 minas of gold in the name of Šu-Illil Witnessed by Amur-Ištar, by Ennam-Aššur
šu-ma a-šur-ta-ak-lá-ku qá-sú im-ta-ḫa-aṣ <gap>-20 ma-na KÙ.BABBAR ki-ma 10 ma-na KÙ.GI iš-tù ḫa-muš-tim ša i-dí-a-šur ù i-ku-nim a-na 46 ḫa-am-ša-tim pu-šu-ki-in a-na en-nam-a-šur i-da-an-ma

Retrieved source: i-šu iš-tù ḫa-muš-tim ša a-šur-re-ṣí a-na 14 ḫa-am-ša-tim i-ša-qal šu-ma lá
Retrieved English hint: to Aššur-ṭāb From the week of Pūšu-kēn and Ennum-Bēlum, month IV, eponymy of Aššur-idī Seal of Aššur-šamšī, son of Ilī-tūram, that Ištar-ilšu, son of Azuzaya, owes 45 shekels of refined silver to Aššur-ṭāb
na-ru-uq en-nam-a-šur a-li ṭá-bu-šu-ni pu-šu-ki-in ú-šé-ra-áb šu-ma pu-šu-ki-in na-ru-qám a-na en-nam-a-šur lá i-tí-dí-in 10 ma-na KÙ.BABBAR ṣa-ru-pá-am pu-šu-ki-in a-na en-nam-a-šur i-ša-qal šu-ma en-nam-a-šur qá-tám

Retrieved source: 8.3333 ma-na 4.5 GÍN KÙ.BABBAR ša ILLAT pu-šu-ki-in a-šur-ta-ak-lá-ku il₅-qé 13.3333 ma-na KÙ.BABBAR i-na ILLAT pu-šu-ki-in LUGAL-sú-in na-dí
Retrieved English hint: Aššur-taklāku received 8.3333 minas 4.5 shekels of silver from the caravan of Pūšu-kēn; Šar-Suen deposited 13.3333 minas of silver in Pūšu-kēn's caravan.
im-ta-ḫa-aṣ 10 ma-na KÙ.BABBAR ṣa-ru-pá-am a-na pu-šu-ki-in i-ša-qal ta-aḫ-sí-is-tum a-ni-tum me-ḫi-ir ṭup-pì-im ḫa-ar-mì-im ša ku-nu-uk pu

Retrieved source: ba-áb ḫa-ra-ni-a i-ša-qal 12 ma-na KÙ.BABBAR ṣa-ru-pá-am
Retrieved English hint: they will pay in 4 weeks 0 3333 mina of refined silver is owed by Ilī-bāni he will pay on his return from the City 10 5 minas of refined silver is owed by Pilah-Ištar Month Tē'inātum,","Seal of Ali-ahum son of Elāli, seal of Ennam-Aššur son of Enna-Suen, seal of Dan-Aššur son of Šalim-ahum, seal of Pūšu-kēn son of Sueyya If Aššur-taklāku has given a joint-stock investment to Ennam-Aššur, then he will receive 2
minas of silver out of the 1 talent 2 minas of silver in his certified tablet, belonging to Ennam-Aššur, and he will write down 3 minas of gold in the name of Pūšu-kēn with his other investors
If Aššur-taklāku has refused him, then Pūšu-kēn will give 40 minas of silver, representing 10 minas of gold, within 46 weeks reckoned from the week of Iddin-Aššur and Ikūnum, and Pūšu-kēn will
make Ennam-Aššur's joint-stock investment enter wherever it is favourable for him If Pūšu-kēn has not given a joint-stock investment to Ennam-Aššur (in time), Pūšu-kēn must give 10 minas of refined silver to Ennam-Aššur
If Ennam-Aššur has refused, he must pay 10 minas of refined silver to Pūšu-kēn This memorandum is a copy of a certified tablet sealed by Pūšu-kēn","To Ali-ahum son of Elali, sealed by Ali-ahum and <gap>-Ištar.
Seal of 1 shekel per month per mina If they write his tablet before his term is up, he shall book 5 minas of gold in the name of Šu-Illil Witnessed by Amur-Ištar, by Ennam-Aššur
To Aššur-ṭāb From the week of Pūšu-kēn and Ennum-Bēlum, month IV, eponymy of Aššur-idī Seal of Aššur-šamšī, son of Ilī-tūram, that Ištar-ilšu, son of Azuzaya, owes 45 shekels of refined silver to Aššur-ṭāb
From Aššur-taklāku received 8.3333 minas 4.5 shekels of silver from the caravan of Pūšukēn; Šar-Suen deposited 13.3333 minas of silver from the caravan of Pūšukēn; Šar-Suen deposited 13.3333 minas of silver from the caravan of Pūšukēn; Šar-Suen deposited 13.3333 minas of silver from the caravan of Pūšukēn; Šar-Suen deposited 13.3333 minas of silver from the carav
They will pay in 4 weeks 0 3333 mina of refined silver is owed by Ilī-bāni he will pay on his return from the City 10 5 minas of refined silver is owed by Pilah-Ištar Month Tēinātum"
05083743-603f-48b5-a6c7-f089ed845d94,"translate Akkadian to English: a-na a-ta-ta ù kà-nu-tim qí-bi₄-ma um-ma a-na-aḫ-ì-lí-ma 0.5 ma-na KÙ.KI ù 1.5 ma-na KÙ.BABBAR ša kà-nu-tim ša il₅-ba-ni ki-ma kà-nu-tim

Retrieved source: a-na a-ta-ta DUMU ma-num-ba-lúm-a-šùr ù kà-nu-tim DUMU.MÍ en-na-sú-in KIŠIB a-na-aḫ-ì-lí DUMU DU₁₀-ṣí-lá-a-šùr
Retrieved English hint: To Atata, son of Mannum-balum-Assur, and Kannutum, daughter of Ennam-Suen. Seal of Anah-ili, son of Tab-silli-Assur
KÙ.BABBAR ip-qí-da-ni a-na-kam a-lá-bu-um ú-ni-ḫi-ma KÙ.BABBAR 1 ma-na ú-ša-ag-me-er a-na a-lim{ki} im-ta-ša-ra-ni-ma i-na dí-in a-lim{ki} KÙ.BABBAR ú KÙ.KI a-lá-bu-um i-lá-qé-ma a-na a-wa-at kà-nu-tim

Retrieved source: a-ma-kam KÙ.BABBAR ša a-na É a-lim{ki} a-bu-ni ḫa-bu-lu-ni-ma ṭup-pá-am ša dí-in a-lim{ki} tal-qé-a-ni ú ša-ni-am
Retrieved English hint: investors of Šalim-Aššur may make demands Do this and dispatch the 2 tablets with verdicts of the City plus a copy of the testament, and hire an attorney and send Aluwa and the attorney as soon as possible
lá-bu-um i-za-az šu-ma kà-nu-tum a-na a-na-aḫ-ì-lí ta-tù-wa-ar a-lá-bu-um ú-ša-ḫa-sú-ú KÙ.BABBAR ú KÙ.KI šu-ut a-na É a-lim{ki} a-na ḫu-bu-ul ili₅-ba-ni i-ší-qí-il₅ a-ma-kam a-le té-er-tí ili₅-ba-ni i-ba-ší-ú ša 0.5 ma-na KÙ.KI pá-ša-lamₓ ù 1.5 ma-na KÙ.BABBAR ú ší-a-ma-tí-šu ṣa-áb-ta-ma mì-ṣí-a-ma li-qí-a ṭup-pá-am ša

Retrieved source: a-na a-na-aḫ-ì-lí ša ṭup-pì-šu lá ta-tù-ru-ú-ni ta-dí-nam šu-ma ṭup-pá-am ša ku-nu-ki-kà a-na-aḫ-ì-lí lá im-ta-aḫ-ra-ni 1 ma-na KÙ.BABBAR a-na a-lim{ki} a-na a…
Retrieved English hint: 3333 mina of silver of his debt-note Should Anah-ilī not recieve from me the tablet with your seal, then I will send to the City, to your father Abu-šalim, 1 mina of silver and as soon as he recieves that silver Abu-šal…
a-lim{ki} da-nam ša ki-ma KÙ.KI ú KÙ.BABBAR ša kà-nu-tí-ni ú-kà-al ú šu-ma ku-li-a i-lá-kam-ma a-wa-tim ú-ga-mar a-dí a-lá-kà-ni i-ta-ba-lá-šu a-wa-tim lá tù-ga-ma-ra

Retrieved source: 1 GÚ KÙ.BABBAR ḫa-bu-lá-tí ma-aṣ-a-ku ú-kà-al-kà um-ma en-nam-a-šur-ma ša ni-iš a-lim{ki} ú ru-ba-im ta-mu-ú lu ú-kà-al ki-ma ša lá ḫa-bu-lá-ak-šu-ni-ma sí-ki…
Retrieved English hint: "" Aššur-ṭāb answered: ""You owe me 1 talent of silver I take responsibility for holding you "" Ennam-Aššur said: ""Do keep in mind what was sworn by the City and the king - that he detains me although I do not owe him anyt…","Say to Atata and Kannutum, thus Anah-ili: ""(As for the) 0 5 mina of gold and 1 5 mina of silver, belonging to Kannutum, which silver Ili-bani, representing Kannutum, entrusted to me - here Ali-abum has caused me
trouble and caused expenses of 1 mina of silver He has now dragged me before the City and by verdict of the City Ali-abum will take that silver and gold and Ali-abum will be responsible for Kannutum's interests
Should Kannutum come back on Anah-ili, then Ali-abum will clear him The aforementioned silver and gold have been paid to the City Office for (to cover) Ili-bani's debts Over there, wherever goods ordered by Ili-bani are available, seize for a value of 0 5 mina of pasallum gold and 1 5 mina of silver or what has been bought for it and take it at your own responsibility
I have a strong tablet of the City stating that the silver and gold belong to Kannutum And if Kuliya comes in order to settle the affair, hold him in play until I arrive, do not settle the affair ""","To Atata, son of Mannum-balum-Assur, and Kannutum, daughter of Ennam-Suen. Seal of Anah-ili, son of Tabsilli-Assur. Seal of Anah-ili, son of Tabsilli-Assur.
Investors of Šalim-Aššur may make demands Do this and dispatch the 2 tablets with verdicts of the City plus a copy of the testament, and hire an attorney and send Aluwa and the attorney as soon as possible
From Anah-ilī son of Ṣilli-Aššur to Anah-ilī from hubul Ilī-bāni should pay 1 mina of silver of hubul and 1 5 mina of silver of hubul and 1 5 mina of silver of hubul and 1 5 mina of silver of hubul and 1 5 mina of silver of hubul and 1 5 mina of silver of hubul and 1 5 mina of silver of hubul and 1 5 mina of silver of hubul and 1 5 mina of silver of hubul and 1 5 mina of si
Aššur-ṭāb answered: ""You owe me 1 talent of silver I take responsibility for holding you "" Ennam-Aššur said: ""Do keep in mind what was sworn by the City and the king - that he detains me although I do not owe him """
054fdba4-0cff-4153-969d-c77e42413e1c,"translate Akkadian to English: 0.5 ma-na a be-a-lim a-na ú-ṣú-ur-ša-a-šur DUMU am-ri-a 0.3333 ma-na a-šur-be-el-a-wa-tim a me-er-i-šu ú ša-tí-li 0.3333 ma-na a kà-lu-ba 0.3333 ma-na a be-a-lim 10 GÍN a ta-ad-mì-iq-tim a-na a-šur-DU₁₀ DUMU ar-ší-aḫ a-dí-in IGI kur-ub-IŠTAR

Retrieved source: KIŠIB a-šur-be-el-a-wa-tim DUMU zu-ba KIŠIB i-dí-IŠTAR DUMU a-šur-ma-lik KIŠIB en-num-a-šur DUMU a-šur-UTU KIŠIB a-bu-ša-lim DUMU a-šur-be-el-a-wa-tim 0.3333 m…
Retrieved English hint: Seal of Aššur-bēl-awātim, seal of Zuba, seal of Iddin-Ištar, son of Aššur-mālik, seal of Ennam-Aššur, son of Aššur-šamšī, seal of Abu-šalim, son of Aššur-bēl-awātim 28 shekels of refined silver Abu-šalim, son of Aššur-b…
a-ḫi-šu 10 GÍN tù-ra-a 5 GÍN a-na ra-bi₄-im 10 GÍN a-na ṣa-aḫ-ri-im a-na me-er-e a-mur-IŠTAR ni-a-im mì-ma a-nim a-na be-a-lim a-dí 15 GÍN a-na am-tí-šu a-dí-in 1 ma-na 17 GÍN KI a-ku-za-nim

Retrieved source: 4 GÍN KÙ.BABBAR a-na a-ša-at a-mur-IŠTAR a-dí-in
Retrieved English hint: I gave 4 shekels of silver to Amur-Ištar's wife.","0 5 mina for a working capital to Uṣur-ša-Aššur son of Amriya
0 3333 mina: Aššur-bēl-awātim to his son and Šāt-ilī","Seal of Aššur-bēl-awātim seal of Zuba, seal of Iddin-Ištar, son of Aššur-mālik, seal of Ennam-Aššur, son of Aššur-bēl-awātim, seal of Ennam-Aššur, son of Aššur-bēl-awātim, seal of Ennam-Aššur, son of Aššur-bēl-awātim, seal of Ennam-Aššur, son of Aššur-bēl-awātim, seal of Ennam-Aššur, son of Aššur-bēl-awātim, seal of Ennam-Aššur, son of Aššu
I gave 4 shekels of silver to Amur-Ištar's wife. I gave 4 shekels of silver to Amur-Ištar's wife."
0677963f-3fac-4d49-b13e-9d6322bf6fb1,"translate Akkadian to English: en-um-a-šùr a-na a-lá-ḫi-im iṣ-ba-at-ni-a-tí-ma um-ma en-um-a-šùr-ma a-na a-lá-ḫi-im-ma al-kam lá-áš-a-al-kà um-ma a-lá-ḫu-um-ma a-na mì-nim ta-ša-a-lá-ni um-ma en-um-a-šùr-ma a-na ta-aḫ-sí-sá-tim ša a-na-ku ù a-ta ni-kà-sí

Retrieved source: en-um-a-šùr a-na a-lá-ḫi-im iṣ-ba-at-ni-a-tí-ma ṭup-pá-am na-áš-pé-er-tám la pá-tí-tám ú-kà-li-im-šu-ma um-ma en-um-a-šùr-ma ṭup-pu-um a-num ku-nu-ku-kà-a lá k…
Retrieved English hint: Ennam-Aššur seized us against Ali-ahum and showed him a missive that was not opened, and Ennam-Aššur said: Is this tablet under your seal or not "" Ali-ahum answered, having investigated it, saying:
ni-sí-ú i ku-nu-ki-kà ù ku-nu-ki-a kà-an-kà-ni ik-ra-ni ú-lá kà-i-na-ni um-ma a-lá-ḫu-um-ma ta-aḫ-sí-sá-tim ša ku-nu-ki-a ú ku-nu-ki-kà kà-an-kà-ni ke-na ku-nu-ku-a lá a-na-ki-ir um-ma en-um-a-šur-ma ša ni-iš a-lim{ki} <gap> ta-mu-ú

Retrieved source: ú ku-nu-ku-kà i-ki-ir ú-lá kà-i-in ša ni-kà-sí a-na-ku ú a-ta ni-sí-ú-ma ni-iz-ku-ú lá tù-na-ḫa-ni a-lá-ḫu-um en-um-a-šur e-pu-ul um-ma a-lá-ḫu-um-ma ta-aḫ-sí-…
Retrieved English hint: you and I settled accounts and settled. Do not obstruct me!"" Ali-ahum answered Ennam-Aššur, saying: ""It is the memoranda with your seal and my seal. Come on, let us seize three men and let us settle in accordance with t…
kà-i-lá <gap> a-na a-lim{ki} ú be-lí-a a-wa-tí bi₄-lá a-na a-wa-tim a-ni-a-tím kà-ru-um kà-ni-iš i-dí-ni-a-tí-ma IGI GÍR ša a-šùr ší-bu-tí-ni ni-dí-in IGI a-šur-GAL DUMU lá-qé-ep IGI ili₅-ba-ni DUMU a-mur-IŠTAR

Retrieved source: a-na a-wa-tim a-ni-a-tim kà-ru-um kà-ni-iš i-dí-ni-a-tí-ma IGI GÍR ša a-šùr ší-bu-tí-ni ni-dí-in IGI a-ku-za IGI MAR.TU-ba-ni IGI lá-qé-ep i-tur₄-DINGIR DUMU a…
Retrieved English hint: The Kanesh colony gave us for these proceedings and we gave our testimony before Aššur's dagger Witnessed by Akuza, by Amurrum-bāni, by Lā-qēp Itūr-ilī son of Amur-Ištar is our (absent) partner","Ennam-Aššur seized us against Ali-ahum and said to Ali-ahum: Come, let me question you "" Ali-ahum answered: ""Why do you want to question me "" Ennam-Aššur said: ""About the memoranda stating that I and you settled accounts
Contest or confirm to me that they are sealed by you and me "" Ali-ahum answered: ""As to the memoranda sealed by me and by you - yes, I do not contest my seal "" Ennam-Aššur said: ""Keep in mind what was sworn by the City
Bring my case to the City assembly and my lord "" The Kanesh colony gave us for these proceedings and we gave our testimony before Aššur's dagger Witnessed by Aššur-rabi son of Lā-qēp, by Ilī-bāni son of Amur-Ištar ""","To Ennam-Aššur seized us against Ali-ahum and showed him a missive that was not opened, and Ennam-Aššur said: Is this was not opened, and Ennam-Aššur said: Is this was not opened, and Ennam-Aššur said: Is this was not opened, and Ennam-Aššur said: Is this was not opened, and Ennam-Aššur said: Is this was not opened, and Ennam-Aššur said: Is this was not opened, and En
Ali-ahum answered Ennam-Aššur, saying: ""It is the memoranda with your seal and my sea "" Ali-ahum answered Ennam-Aššur, saying: ""It is the memoranda with your seal and my sea
The Kanesh colony gave us for these proceedings and we gave our testimony before Aššur's dagger Witnessed by Akuza, by Amurrum-bāni, by Lā-qēp Itūr-ilī son of Amur-Ištar"
06ec260a-bcc5-4762-b2ee-dfbc10cfbfbe,"translate Akkadian to English: ṭup-pu-ú ḫa-ru-mu-tum ša ší-bi-a ša me-er-e i-dí-a-bi₄-im

Retrieved source: DUB ḫa-ru-mu-tum ša nu-a-e
Retrieved English hint: Certified tablets concerning Anatolians.",Certified tablets with my witnesses concerning the sons of Iddin-abum.,"Iddin-abum: Certified tablets concerning Anatolians
Certified tablets concerning Anatolians
Certified tablets concerning Anatolians
Certified tablets concerning Anatolians"
072fa62e-126a-4189-aa4f-c539b693ff07,"translate Akkadian to English: a-na en-na-nim ù a-lá-ḫi-im qí-bi₄-ma um-ma PUZUR₄-a-šùr-ma 20 ma-na KÙ.BABBAR ku-nu-ki-a en-na-num na-ší KÙ.BABBAR i-na ma-na-i-šu áš-du a-na e-na-aḫ-DINGIR i-ta-ší-a-ma ṭup-pá-am ša ku-nu-ki-a li-dí-na-ku-nu-tí ki-lá-lá-ku-nu-ma li-tí-a-šu-ma ri-ḫi ú tù-ra-ma ku-un-kà-šu-ma a-šar a-šùr-ni-im-ri

Retrieved source: ma-na 2.3333 GÍN KÙ.BABBAR ku-nu-ki-a ú ṭup-pá-am ḫa-ar-ma-am ša ku-nu-ki-a šu-ḫu-bur <gap> li-dí-na-ku-nu-tí-ma ú a-tù-nu ṭup-pí-a pí-it-a-ma a-šar a-lá-ḫi-im…
Retrieved English hint: (plural) must open for my tablets, give him his tablet from Ali-ahum's (house) and place the tablet that Šu-hubur gives to you among my other tablets and seal (the box) with your seals. And the bundle should remain with…
e-ez-ba-šu ki-ma KÙ.BABBAR ta-áš-qú-lá-ni ma-ri-a-am ṭù-ur-da-nim ù tí-ir-ta-ak-nu iš-tí pá-ni-e-ma a-li-ki li-li-kam a-ḫu-ú-a a-tù-nu iḫ-da mì-ma i-ṣé-ri-a ṣí-ib-tum lá i-lá-qé a-na-kam a-na AN.NA ša KÙ.BABBAR 1 ma-na ú-šé-lá-šu-um

Retrieved source: KÙ.BABBAR <gap> az <gap> ṣí-ib-tim li-iṣ-ḫi-ir ṣí-ib-tám lá ta-ga-mì-lá-šu ša-áš-qí-lá-šu-ma iš-tí a-li-ki-im pá-ni-e-ma šé-bi₄-lá-nim iḫ-da-ma ša-áš-qí-lá-šu…
Retrieved English hint: Make him no favours on the interest Make him pay and send it with the very first transport Take care to have him pay The tablet concerning his debt to the eponyms, concerning 30 minas, is in Ennanātum's possession Place…","To Ennānum and Ali-ahum from Puzur-Aššur: Ennānum brings 20 minas of silver under my seal Ašdu weighed the silver with his one-mina weight for Enah-ilī so let him give you a tablet with my seal Both of you should split (the envelope) <gap> and seal it again and leave it for Aššur-nimrī
When you have weighed the silver send me the <gap> Also, send me word with the first transport My dear brothers, take care so he does not take any interest from me I shall realise every mina of silver on the tin here for him","To Ennanum and Ali-ahum from Puzur-Aššur: Mana 2.3333 shekels of silver for my tablets, give the silver for my tablets, give the silver for my tablets, give the silver for my tablets, give the silver for my tablets, give the silver for my tablets, give the silver for my tablets, give the silver for my tablets, give the silver for my tablets, give the silver for my tablets, give t
Take care to have him pay The tablet with the very first transport Take care to have him pay The tablet with the very first transport Take care to have him pay The tablet with the very first transport Take care to have him pay The tablet with the very first transport Take care to have him pay The tablet"
0802d7e7-1be2-42b7-913b-62861455f45e,"translate Akkadian to English: 0.3333 ma-na 1.5 GÍN KÙ.BABBAR i-ṣé-er ḫa-bi-a ù a-ší-tí-šu a-lá-ḫu-um i-šu

Retrieved source: 12 GÍN KÙ.BABBAR i li-bi sá-li-a a-lá-ḫu-um i-šu
Retrieved English hint: Salliya owes 12 shekels of silver to Ali-ahum.",habiya and his wife owe 0.3333 mina 1.5 shekel of silver to Ali-ahum.,Salliya owes 12 shekels of silver to Ali-ahum.
092043d6-49a6-40cd-b867-5771e4babd95,"translate Akkadian to English: ra-bi-ṣú-um ša É šál-ma-a-šùr

Retrieved source: ra-bi-ṣú-um ša šál-ma-a-šùr ma-ma-ḫi-ir iš-al um-ma ra-bi-ṣú-um-ma i-na dí-in a-lim{ki} ḫu-sà-ru-um ša šál-ma-a-šùr ša i-na a-lim{ki} i-ší-ik-nu lu um-me-a-nu…
Retrieved English hint: Šalim-Aššur's attorney questioned Man-mahir The attorney said: According to a verdict of the City the lapis lazuli of Šalim-Aššur that was deposited in the City - whether investors of Šalim-Aššur have seized it or have…
a-ba-ba iṣ-ba-at-ni-a-tí-ma a-na en-um-a-šùr ù a-lá-ḫi-im ù-ṭá-ḫi-ni-a-tí-ma i-na

Retrieved source: ù ṣí-li-a ša ki-ma a-la-ḫi-im a-na i-dí-a-šùr iṣ-ba-at-ni-a-tí-ma um-ma a-ba-ba ra-bi-ṣú-ma
Retrieved English hint: collect Šalim-Aššur's silver; also, I brought you a missive from Šalim-Aššur's investors from the month, eponymy of Aššur-malik son of Ali-ahum, stating that you must release 40 talents of good copper
lá tù-na-ḫa-ni ù a-šar ba-áb-tum ša a-bi-kà i-ba-ší-ú kà-li-ma-ni i-ša-ḫa-tí-ku-nu lá-zi-iz-ma KÙ.BABBAR

Retrieved source: kà-li-ma-ni-ma i-ša-ḫa-tí-ku-nu lá-zi-iz-ma KÙ.BABBAR lu-ša-áš-qí-il₅-ma a-na a-lim{ki} lu ni-lik a-ḫu-kà a-lá-ḫu-um KÙ.BABBAR ma-lá a-bu-šu i ṭù-pì-im
Retrieved English hint: I have not refused to go!"" Ali-ahum answered the attorney Ababa; Ali-ahum said: ""I submit to the tablet of the City and the attorney of my lord. Yesterday you questioned me and I answered you as follows: 'Come along! Le…
lu nu-ša-áš-qí-il₅-ma a-na a-lim{ki} lu ni-lik a-ḫu-kà a-lá-ḫu-um KÙ.BABBAR ma-lá a-bu-šu

Retrieved source: kà-li-ma-ni-ma i-ša-ḫa-tí-ku-nu lá-zi-iz-ma KÙ.BABBAR lu-ša-áš-qí-il₅-ma a-na a-lim{ki} lu ni-lik a-ḫu-kà a-lá-ḫu-um KÙ.BABBAR ma-lá a-bu-šu i ṭù-pì-im
Retrieved English hint: I have not refused to go!"" Ali-ahum answered the attorney Ababa; Ali-ahum said: ""I submit to the tablet of the City and the attorney of my lord. Yesterday you questioned me and I answered you as follows: 'Come along! Le…
i

Retrieved source: a-ta-na-aḫ ni-dí-in <gap> 0.5 GÍN KÙ.BABBAR i li-bi₄ a-ḫu-ša DUMU ku-ra 0.5 GÍN KÙ.BABBAR i
Retrieved English hint: of silver - I gave (this) 0 5 shekel of silver to Aššur-ṭāb All this is owed by Ata(ya), son of Ikūnum Travel expenses, road-tax cost of transport and deficiency on the 10-mina-weight (used) for (weighing) 42
ṭup-pí-im ša a-lim{ki} mì-ma šál-ma-a-šùr e-zi-bu ù-pá-ḫa-ar-ma a-na a-lim{ki}

Retrieved source: a-na i-dí-a-šùr-ma ṭup-pá-am ša a-lim{ki} ta-áš-me KÙ.BABBAR-ap ša-lim-a-šur ù-pá-ḫa-ar ù na-áš-pé-er-tám ša um-me-a-ni ša-lim-a-šur iš-tù ITU.KAM ḫu-bu-ur li-…
Retrieved English hint: that they entrusted to you, and you must not raise claim against Šalim-Aššur's sons. I have received the 40 talents of good copper about which you reached an agreement with Šalim-Aššur's investors, in accordance with th…
ù-ba-al lu ba-áb-tám a-bu-ku-nu e-zi-ib lu mì-ma e-zi-bu ba-a-nim

Retrieved source: KÙ.BABBAR e-zi-ib URUDU-im i-na ba-áb-tim ša a-
Retrieved English hint: for <gap> 8 donkeys, either Išuah's son <gap> 0.6666 mina of silver <gap> I sent to Tegarama <gap> of my father Two <gap> Aššur-lamassī from the house of <gap>-Aššur <gap> Šumma-libbi-Aššur <gap> them.""
kà-li-ma-ni-ma i-ša-ḫa-tí-ku-nu lá-zi-iz-ma lu-šé-ru-ku-nu-tí-ma ù a-na a-lim{ki} lu

Retrieved source: kà-li-ma-ni-ma i-ša-ḫa-tí-ku-nu lá-zi-iz-ma KÙ.BABBAR lu-ša-áš-qí-il₅-ma a-na a-lim{ki} lu ni-lik a-ḫu-kà a-lá-ḫu-um KÙ.BABBAR ma-lá a-bu-šu i ṭù-pì-im
Retrieved English hint: I have not refused to go!"" Ali-ahum answered the attorney Ababa; Ali-ahum said: ""I submit to the tablet of the City and the attorney of my lord. Yesterday you questioned me and I answered you as follows: 'Come along! Le…
ni-lik tí-ma-li-ma áš-al-ku-nu-ma um-ma a-na-ku-ma KÙ.BABBAR ma-lá i li-bi-ku-nu

Retrieved source: ú <gap> bi lim a <gap> nu IGI <gap> a-na a-lim{ki} lu ni-lik tí-ma-li-ma áš-a-al-ku-nu-ma um-ma
Retrieved English hint: of paying the silver keep answering me harshly, and you are unwilling to pay the silver. Do not obstruct me, but show me where your father's outstanding claims are, so I can assist you in having the silver paid, so we c…
a-bu-ku-nu i-dí-ú šu-uq-lá-ma ù a-na a-lim{ki} lu ni-lik um-ma

Retrieved source: a-na-ku-ma KÙ.BABBAR ma-lá i li-bi₄-ku-nu a-bu-ku-nu i-dí-ú šu-uq-lá-ma ú a-na a-lim{ki} lu ni-lik um-ma a-lá-ḫu-um-ma a-ḫu-kà-ma
Retrieved English hint: the silver that your father wrote in the tablet. So you cheat me. Come, move, and pay the silver that your father wrote for you in the tablet, in accordance with the verdict of the City, and then let us go to the City.…
a-lá-ḫu-um-ma a-ḫu-kà-ma ba-a-am ma-lá a-bi KÙ.BABBAR i-na ṭup-pí-im il₅-pu-tù-ni

Retrieved source: a-lá-ḫu-um ra-bi-ṣa-am a-ba-ba e-pu-ul um-ma a-lá-ḫu-um-ma us-kà-in a ṭup-pì-im ša a-lim{ki} ú ra-bi-ṣí-im ša be-li-a al-kam ba-a-am u₄-ma-ma a ma-lá i-na ṭup-…
Retrieved English hint: Ali-ahum answered the attorney Ababa, saying: I submit to the tablet of the City and the attorney of my lord Come along, even today (let me pay) as much as our father wrote concerning us in the tablet, what he set down…
lá-áš-qúl-ma ù a-na a-lim{ki} lu ni-lik a-ta ki-ma

Retrieved source: ba-a-nim ma-lá a-bi₄ KÙ.BABBAR i ṭù-pì-im il₅-pu-tí-ni lá-áš-qúl-ma ù a-na a-lim{ki} lu ni-lik a-ta ki-ma KÙ.BABBAR ša-qá-li-im
Retrieved English hint: questioned me and I answered you, saying: 'When my father died in Durhumit I was not present. My brother Ali-ahum took care of my father. They appropriated things illegally, and my father wrote many things concerning me…
KÙ.BABBAR ša-qá-li-im da-na-tim ta-ta-na-pá-lá-ni ù KÙ.BABBAR ša-qá-lam lá ta-mu-a

Retrieved source: da-na-tim ta-ta-na-pá-lá-ni ù KÙ.BABBAR ša-qá-lam lá ta-mu-a lá tù-na-ḫa-ni ù a-šar ba-a-ba-tum ša a-bi₄-ku-nu i-ba-ší-ú
Retrieved English hint: us go together with you to the City in accordance with the verdict of the City and let us satisfy the eponym, let me discuss with my brother and my sister the testament of our father that is in the City.' If you say: 'I…","The attorney of Šalim-Aššur's firm Ababa seized us and made us approach Ennam-Aššur and Ali-ahum (and said): According to the tablet of the City I shall collect all that Šalim-Aššur left behind and bring it
to the City Come, show me the oustanding claims your father left and anything he left behind, then I shall assist you so they release it to you, and we can go to the City
Do not question me in court I have not rejected you with respect to going "" Ali-ahum answered the attorney Ababa, saying: ""I submit to the tablet of the City and the attorney of my lord Yesterday you questioned me and I answered you, saying: 'Come along Let me pay what my father wrote
of silver in the tablet, and then let us go to the City ' Come, let me pay the silver today, and then let me show you our father's outstanding claims, so assist me and let us have the silver paid and go to the City in accordance with the tablet of the City
""""
Yesterday I questioned you, saying: 'Pay whatever silver your father set down as owed by you and then let us go to the City ' Your brother Ali-ahum answered: 'Come, let me pay what silver my father wrote in the tablet,
and then let us go to the City ' But you keep giving me harsh answers instead of paying the silver, and you refuse to pay the silver Do not obstruct me, but show me where your father's outstanding claims are
Let me assist you and let us have the silver paid and let us go to the City Your brother Ali-ahum shows me the silver his father wrote in the tablet, but you refuse to pay the silver
your father wrote concerning you in the tablet, so you obstruct me Come along now Pay what your father wrote concerning you in the tablet in accordance with the tablet of the City Let us go to the City
Do not obstruct me "" Ennam-Aššur answered the attorney Ababa: ""I submit to the tablet of the City and the attorney of my lord Yesterday you questioned me and I answered you, saying: 'At my father's death in
Durhumit I was not present My brother Ali-ahum assisted my father They appropriated things illegally and my father wrote many things concerning me I do not owe anything to my father of what is in this tablet
' Come, let us go to Durhumit where my father's assets are, let us take the assets and let us go to the City together with you in accordance with the tablet of the City, let us satisfy the eponym and let
me discuss the testament of our father in the City with my brother and sister If you say: 'I shall not go to Durhumit ' then state that to me, and then come on and let us leave for the City even today","To a verdict of the City the lapis lazuli of Šalim-Aššur that was deposited in the City - whether investors of Šalim-Aššur have seized it or have…
I brought you a missive from Šalim-Aššur's silver; also, I brought you a missive from Šalim-Aššur's investors from the month, eponymy of Aššur-malik son of Ali-ahum, stating that you must release 40 talents of good copper
I have not refused to go!"" Ali-ahum answered the attorney Ababa; Ali-ahum said: ""I submit to the tablet of the City and the attorney of my lord. Yesterday you questioned me and I answered you as follows: 'Come along! Let you have not refused to go!' Ali-ahum said: ""I submit to the tablet of the City and the attorney of my lord. Yesterday you questioned me and I answered you as foll
I have not refused to go!"" Ali-ahum answered the attorney Ababa; Ali-ahum said: ""I submit to the tablet of the City and the attorney of my lord. Yesterday you questioned me and I answered you as follows: 'Come along! Le…
To silver - I gave (this) 0 5 shekel of silver to Aššur-ṭāb All this is owed by Ata(ya, son of Ikūnum Travel expenses, roadtax cost of transport and deficiency on the 10-minaweight (used) for (weighing) 42 shekels of silver to Aššur-ṭāb All this is owed by Ata(ya, son of Ikūnum Travel expenses, roadtax cost of transport and deficiency on the 10-minaweight (used) for (we
That they entrusted to you, and you must not raise claim against Šalim-Aššur's sons. I have received the 40 talents of good copper about which you reached an agreement with Šalim-Aššur's investors, in accordance with the
For <gap> 8 donkeys, either Išuah's son <gap> 0.6666 mina of silver <gap> I sent to Tegarama <gap> of my father Two <gap> Aššur-lamassī from the house of <gap>-Aššur <gap> Šumma-libbi-Aššur <gap> them
I have not refused to go!"" Ali-ahum answered the attorney Ababa; Ali-ahum said: ""I submit to the tablet of the City and the attorney of my lord. Yesterday you questioned me and I answered you as follows: 'Come along! Let you have not refused to go!' Ali-ahum said: ""I submit to the tablet of the City and the attorney of my lord. Yesterday you questioned me and I answered you as foll
To paying the silver keep answering me harshly, and you are unwilling to pay the silver. Do not obstruct me, but show me where your father's outstanding claims are, so I can assist you in having the silver paid, so we can assist you in having the silver paid, so we can assist you in having the silver paid, so we can assist you in having the silver paid, so we can assist you in havi
The silver that your father wrote in the tablet. So you cheat me. Come, move, and pay the silver that your father wrote in the tablet. So you cheat me. Come, move, and pay the silver that your father wrote in the tablet. So you cheat me. Come, move, and pay the silver that your father wrote for you in the tablet, in accordance with the verdict of the City, and then let us go to the
The attorney Ababa, saying: I submit to the tablet of the City and the attorney of my lord Come along, even today (let me pay) as much as our father wrote concerning us in the tablet, what he set down…
I answered you, saying: 'When my father died in Durhumit I was not present. My brother Ali-ahum took care of my father. They appropriated things illegally, and my father wrote many things concerning me'
To the City in accordance with the verdict of the City and let us satisfy the eponym, let me discuss with my brother and my sister the testament of our father that is in the City."
0960dbf7-bab1-4613-bb18-f81927fa3313,"translate Akkadian to English: <gap> ni <gap> im ú-šé-bi-lá-ni a-na ma-la na-áš-pé-er-tim ša <gap> 80 ku-ta-nu ba-at-qú-ú ù i <gap> 20 GÚ bi-la-tim <gap> a-na ma-la na-áš-pé-er-tim <gap> GÚ AN.NA a-na ga <gap> GÚ

Retrieved source: i li-bi-kà-ma <gap> ra ší um i-ba-ší ú na-áš-pé-er-tí-kà a-ṣé-er a-we-lim li-li-ik na-áš-pè-er-tám <gap> lá i-mu-a um-ma né-nu-ma na-áš-pé-er-tám <gap> li-tám…
Retrieved English hint: but we confronted him and said: <gap> is in your possession and let your missive go to the man "" He refused to <gap> the missive
a-ṣé-er AN.NA <gap> GÚ AN.NA ku-nu-ki-kà <gap> i-na ḫa-ra-nim a-la-ḫu-um <gap> ni-kà-sí iš-tí-a ù iš-tí ša ki-ma a-bi-a a-lá-ḫu-um i-sí-ma <gap> gám-ra-am ša ḫa-ra-nim ša <gap> ù ta-ak-ší-ir-tám <gap> 12 <gap> 0.5 ma-na 7 GÍN AN.NA i-<gap> qá-tí-a-la-ḫi-im ni-dí ší-tí TÚG ṣú-ba-tí-kà za mì <gap>

Retrieved source: a-na ší-im 17 ma-na AN.NA 8.5 GÍN.TA 2 ma-na KÙ.BABBAR-áp-šu ša a-dí-da i-dí-na-ni-ma a-na-ku a-na tí-me-el-ki-a a-ṣé-er a-lá-ḫi-im ú-šé-bi-lu-šu a-na-kam ni-k…
Retrieved English hint: I and Ali-ahum settled accounts here concerning the price of 17 minas of tin at the rate 1:8 5 (its value in silver is 2 minas) that Adida gave to me and which I personally sent to Timelkiya to Ali-ahum: after he gave m…
5 TÚG.ḪI.A <gap> 7 TÚG.ḪI.A i-na li-wi-tim <gap>-du-nim 3 me-at 60 TÚG.ḪI.A a-na É.GAL-lim e-ru-bu 18 TÚG ni-is-ḫa-tim iṣ-ḫu-ru-kà ú 24 TÚG a-na ší-mì-im i-na É.GAL-lim i-le-qé-ú 3 me-at 17 TÚG ku-ta-nu

Retrieved source: i-nu-mì TÚG.ḪI.A ša šé-pí-a ni-im-nu 2 TÚG sà-áp-tí-num É.GAL-lúm il₅-qé 1 šu-lu-up-ga-um ú 2 ku-ta-nu ḫa-al-qú 5 TÚG.ḪI.A il₅-tab-šu 1 me-at 17 šu-ru-tum a-na…
Retrieved English hint: When we counted the textiles shipped under my responsibility the palace took 2 -textiles; 1 Šulupkaean-textile and 2 -textiles were lost. Five textiles they took for their clothing. 117 dark textiles entered the palace,…
44 <gap> ṣú-ba-tù ša li-wi-tim ŠU.NÍGIN 3 me-at TÚG 60 TÚG iz-ku-ú-nim i-na mì-ma a-nim <gap> me-at 44 ku-ta-ni <gap> e-zi-bu-ni a-la-ḫu-um <gap> ANŠE ṣa-lá-ma-am a-na 15 ḫa-am-ša-tim i-ṣé-er i-tur₄-DINGIR ni-dí-šu-nu <gap> t

Retrieved source: 1 me-at 73 ku-ta-nu i-na É.GAL-lim ur-du-nim 7 TÚG ša li-wi-tim 1 TÚG ša ik-ri-bi₄-a ša DUMU šál-maḫ ub-lá-ni 10 TÚG ša i ma-ṣa-ar-tim ú-šé-ṣí-a-ni ú-ra-dí 6 T…
Retrieved English hint: 173 -textiles (that) came down from the palace, 7 textiles as wrapping, 1 textile of my temple-fund, is what Šalim-ahum's son brought me I added 10 textiles that I took out of the strong room (and) 6 textiles that Aššur…","<gap> he sent to me. In
accordance with the missive of
<gap> 80 kutānu-textiles
have been dropped.","To your possession and let your missive go to the man "" He refused to <gap> the missive go to the man "" He refused to <gap> the missive go to the man "" He refused to <gap> the missive go to the man "" He refused to <gap> the missive go to the man "" He refused to <gap> the missive go to the man "" He refused to <gap> the missive go to the man "" He refused to <gap> the missive go to th
I and Ali-ahum settled accounts here concerning the price of 17 minas 8.5 shekels of silver to Adida and take the silver to Ali-ahum settled accounts here concerning the price of 17 minas 8.5 shekels of silver to Adida
The textiles shipped under my responsibility the palace took 2 -textiles; 1 Šulupkaeantextile and 2 -textiles were lost. Five textiles they took for their copper.
The 173 textiles (that) came down from the palace, 7 textiles as wrapping, 1 textile of my templefund, is what Šalim-Ahum's son brought me I added 10 textiles as wrapping, 1 textile of my templefund, is what Šalim-Ahum's son brought me I added 10 textiles of the palace, 7 textiles as wrapping, 1 textile of my templefund, is what Šalim-Ahum's son brought me I added 10 textiles of"
099eb63c-4a3c-4bca-baf4-705a46083a49,"translate Akkadian to English: 1.5 ma-na KÙ.BABBAR iš-ra-tim pu-šu-ki-in DUMU bu-za-zu i-na ku-bu-ur-na-at nu-ša-dí-in-ma ŠÀ.BA 1 ma-na KÙ.BABBAR šu-sú-in DUMU áb-lá-ma-sí ú

Retrieved source: e-lá-i-kà lu ni-iz-ku a-na a-wa-tim a-ni-a-tim kà-ru-um kà-ni-iš-ki i-dí-ni-ma IGI GÍR ša a-šùr ší-bu-tí a-dí-in IGI bu-za-zu DUMU pu-šu-ki-in li-ip-tí-IŠTAR D…
Retrieved English hint: For these words the Kanesh colony made me available and before the dagger of Aššur I gave my testimony In the presence of Buzāzu, son of Pūšu-kēn Lipit-Ištar, son of Išme-Aššur was my companion ""
a-šùr-i-dí DUMU a-da-da ku-nu-ki ša wa-bar-tim ú ku-nu-ki-a a-na kà-ri-im i-ni-iš-ú 0.5

Retrieved source: 1 me-at 6.5 ma-na URUDU ša en-um-a-šùr i li-bi₄ kà-ri-im ší-im URUDU a-nim i-na KÙ.BABBAR ša wa-bar-tim ša ša-lá-tù-ar ki-ma en-um-a-šùr ku-da-tum i-lá-qé
Retrieved English hint: 106 ½ minas of copper belonging to Ennam-Aššur is owed by the colony. Kudātum will receive the price of this copper in silver from the station at Šalatuwar on behalf of Ennam-Aššur.
ma-na KÙ.BABBAR i-na tù-ùḫ-pí-a a-šùr-ma-lik DUMU ku-ra-ra e-pu-ul a-na kà-ri-im i-ša-qal 15 GÍN

Retrieved source: i-na 2 ma-na 15 GÍN KÙ.BABBAR ša a šu-mì ší-im bé-tim iš-tí a-šur-ma-lik DUMU ku-ra-ra bé-lúm-ba-ni i-na-sú-in ú pè-ru-wa
Retrieved English hint: Of the 2 minas and 15 shekels of silver which, because of the payment for the house, Belum-bani, Ennam-Suen and Peruwa, had obtained from Assur-malik, son of Kurara, and for which their valid deed had been drawn up, 0.8…
KÙ.BABBAR DUMU a-lu-lá-a i-na ḫa-na-ak-na-ak nu-ša-dí-ma ku-nu-ki-ni li-ba-a ù ku-bi-a i-ni-iš-ú 0.3333

Retrieved source: um-ma kà-ru-um kà-ni-iš-ma a-na ša-qí-il₅ da-tim ku-li-a ší-ip-ri-ni wa-bar-tim ša ku-bur-na-at ḫa-na-ak-na-ak ú tí-iš-mur-na TUR
Retrieved English hint: Thus Kaniš, say to the datu-payers, our messenger Kuliya, the plenary of Kuburnat hanaknak and Tišmurna: As soon as you hear our letter, produce the dagger of Assur in the presence of our messenger Kuliya and whoever ov…
ma-na KÙ.BABBAR ša-du-a-tám ni-mar-sú-in DUMU da-dí-a i-na du-ur-ḫu-mì-it nu-ša-dí 1.5 GÍN KÙ.AN iš-ra-tim

Retrieved source: ša KÙ.AN ú 1 ma-na um 3 GÍN KÙ.BABBAR ša-du-a-sú ṣa-áb-ta-ma ku-li-a i pá-ni-šu li-ni-iš-a-am šu-ma i-qá-bi₄ um-ma šu-ut-ma KÙ.AN ša a-wi-lim ša NÍG.KA-sí 10-t…
Retrieved English hint: If the person in question protests and declares: The meteoric iron belongs to 'a man with an account'"", still take the tithe and the -tax and let one come here to swear an oath by Aššur's dagger then we will give him ba…
šu-ma-bi₄-a DUMU a-šùr-e-li-tí nu-ša-dí-ma ku-nu-ke-e ša kà-ri-im du-ur-ḫu-mì-it i-na ší-na-ḫu-tim IGI wa-bar-tim a-na šu-a-nim DUMU me-na-nim ù ma-num-ki-{d}IŠKUR áp-qí-id-ma a-na kà-ri-im

Retrieved source: KIŠIB ba-ba-zu-a DUMU šu-a-nim KIŠIB DU₁₀-ṣí-li-a-šur DUMU a-li-li KIŠIB šu-IŠTAR DUMU a-šùr-lá-ma-sí a-na a-wa-tim a-ni-a-tim kà-ru-um du-ur-ḫu-mì-it i-dí-ni-…
Retrieved English hint: Seal of Babazua son of Šu-Anum, seal of Ṭāb-ṣill-Aššur son of Ali-ilī, seal of Šu-Ištar son of Aššur-lamassī. The Durhumit colony gave us for these proceedings and we gave our testimony before Aššur's dagger.
i-ni-iš-ú 10 GÍN KÙ.BABBAR ša-du-a-tám bu-ṣí-a ša ku-bu-ur-na-at i-na tù-ùḫ-pí-a nu-ša-dí-ma ku-nu-ki-ni {d}EN.LÍL-ba-ni DUB.SAR a-na kà-ri-im i-ni-ší-i 0.5 ma-na KÙ.BABBAR ša-du-a-tám ṣú-

Retrieved source: a-na da-da-a-a a-lá-ḫi-im ù {d}EN.LÍL-ba-ni qí-bi-ma um-ma PUZUR₄-a-šur-ma 0.3333 ma-na 2 GÍN KÙ.BABBAR šu-ḫu-bur DUMU i-dí-a-bi₄-im li-iš-qú-lá-ku-nu-tí-ma KÙ…
Retrieved English hint: To Dadaya, Ali-ahum and Illil-bāni from Puzur-Aššur: Šu-hubur son of Iddin-abum should pay you 0 3333 mina 2 shekels of silver, and then pay this silver to Ilill-bāni son of Aššur-malik, obtain the release of my tablet,…","1.5 mina of silver, the tithe, we collected from Pusu-ken, son of Buzazu, in Kuburnat, and 1 mina of silver thereof Su-Suen, son of Abi-lamassi, and Assur-idi, son of Adada, are bringing to the karum under the seal of the wabartum and my seal. For 0.5 mina of silver Assur-malik, Kurara's son, gave his promise in Tuhpiya, he will pay to the karum.
15 shekels of silver we collected from Alulaya's son in Hanaknak and under our seals Libaya and Kubiya are bringing it. 0.3333 mana of silver, saddu'utu-tax, we levied from Nimar-Suen, son of
Dadiya, in Durhumit. 1.5 shekels of meteoric iron, the tithe, we levied from Sumi-abia, son of Assur-elliti, and under the seals of karum Durhumit I entrusted it in Sinahuttum before the wabartum
to Su-Anum, son of Menanum, and Mannum-ki-Adad, who are bringing it to the karum. 10 shekels of silver, saddu'utu-tax, we levied from Busia of Kuburnat in Tuhpiya and under our seals Enlil-bani,
the scribe, is bringing it to the karum. Half a mina of silver, saddu'utu-tax, we levied from the servants of Mannum-balum-Assur, son of Kukua. <gap> silver, saddu'utu-tax, we levied from <gap>
X-Assur, son of <gap> and in <gap> we entrusted it to <gap> and under our seals he is bringing it to the karum. <gap> silver <gap> in Tismurna we levied from <gap> X-bani, and to <gap>, the son of Anina we entrusted it <gap> of the son of Hanana <gap> 4 shekels of silver, <gap> I took from Assur-bani and Serserum and in Durhumit
I sold them to Istar-pilah, the interpretor, for 16 shekels of silver which I am carrying with me under the seals of the karum. 3 shekels of silver we levied from Assur-taklaku, son of Alahum and when the ruler of Hattus went up to Washaniya and to Baniharsum <gap> a kutanu-textile for <gap> as payment for the textile <gap> Adad-bani <gap> in Hattus.","The Kanesh colony made me available and before the dagger of Aššur I gave my testimony In the presence of Buzāzu, son of Pūšu-kēn Lipit-Ištar, son of Išme-Aššur was my companion ""
The 106 ½ minas of copper belonging to Ennam-Aššur is owed by the colony. Kudātum will receive the price of this copper in silver from the station at Šalatuwar on behalf of Ennam-Aššur.
The 2 minas and 15 shekels of silver which, because of the payment for the house, Belum-bani, Ennam-Suen and Peruwa, had obtained from Assur-malik, son of Kurara, and for which their valid deed had been drawn up, 0.8…
Thus Kaniš, say to the datupayers, our messenger Kuliya, the plenary of Kuburnat hanaknak and Tišmurna: As soon as you hear our letter, produce the dagger of Assur in the presence of our messenger Kuliya, the plenary of Kuburnat hanaknak and Tišmurna: As soon as you hear our letter, produce the dagger of Assur in the presence of our messenger Kuliya, the plenary of Kuburnat hana
If the person in question protests and declares: The meteoric iron belongs to 'a man with an account', still take the tithe and the tax and let one come here to swear an oath by Aššur's dagger then we will give him ba
Seal of Babazua son of Šu-Anum, seal of Ṭāb-ṣill-Aššur son of Ali-ilī, seal of Šu-Ištar son of Aššur-lamassī.
To Dadaya, Ali-ahum and Illil-bāni from Puzur-Aššur: Šuhubur son of Iddin-abum should pay you 0 3333 mina 2 shekels of silver, and then pay this silver to Ilill-bāni son of Aššur-malik, of Aššur-malik, of"
0a086ecd-dfc9-4828-89c8-ea0b55b23ce5,"translate Akkadian to English: <gap> 12.5 ma-na <gap> 3 ma-na KÙ.BABBAR <gap> nu-ra-dí-ma 11 <gap> ù ni-is-ḫa-tum <gap> a-na um-me-a-ni <gap> ku-a-tí i-<gap> 15.3333 <gap> a-na <gap> ša

Retrieved source: ma i-<gap> li <gap>
Retrieved English hint: In 5 or 6 months <gap>
šé-ep <gap> né-eš-<gap> 2.5 GÍN <gap> a-na-<gap> 0.5 ma-na <gap> AN.NA 2.5 GÍN <gap> ša šé-ep a-šùr-<gap> a-na É kà-ri-im <gap> 0.3333 ma-na <gap> šu-IŠTAR <gap> ṣa-ru-pá-am

Retrieved source: <gap> 1 ma-na 5 GÍN KÙ.BABBAR iš-tí <gap> 0.3333 ma-na KÙ.BABBAR iš-tí
Retrieved English hint: of copper and 3 shekels of silver for his small goods, 3 shekels of silver <gap> I gave to Aluwa. I paid 4.5 shekels of silver, the fees from the City when he returned. <gap> minas of sickles, 3 shekels for his expenses…
<gap> 0.5 GÍN šé-bi₄-lá-ni

Retrieved source: li-it-a-ma šé-bi₄-lá-nim ú a-na ší-tí KÙ.BABBAR tí-ir-ta-ak-nu li-li-kam šu-ma šu-ku-ba-am KÙ.BABBAR tù-uš-ta-áš-qí-lá ší-ma-am ša ba-lá-ṭí-a ša-ma-ma šé-bi₄-l…
Retrieved English hint: it to me then send me word about the rest of the silver If you have made Šu-Kūbum pay silver, then make a profitable purchase for me and send it to me","<gap> 12 5 minas <gap> 3 minas of silver <gap> we added 11 <gap>
plus the import duty <gap> to the investors <gap> for you <gap> 15
3333 <gap>","To the <gap> 12.5 minas <gap> 3 minas of silver <gap>
To copper and 3 shekels of silver for his small goods, 3 shekels of silver <gap> I gave to Aluwa. I paid 4.5 shekels of silver, the fees from the City when he returned. <gap> minas of sickles, 3 shekels for his expenses…
It to me then send me word about the rest of the silver If you have made Šu-Kūbum pay silver, then make a profitable purchase for me and send it to me"
0bb53a4a-e190-4572-9793-bafd0010d596,"translate Akkadian to English: a-na ì-lí-e-mu-qí šu-ta-mu-zi a-bi₄-a-a e-lá-a ù lá-ma-sí qí-bi-ma um-ma a-dí-da ù a-lá-ḫu-um-ma iš-tù ša-lim-a-šur me-tù-ú DAM.GÀR-ru-ú ša a-bi₄-ni

Retrieved source: a-na ì-lí-e-mu-qí šu-ta-mu-zi a-bi-a-a e-lá-a ù lá-ma-sí qí-bi-ma um-ma a-dí-da ù a-lá-ḫu-um-ma 3.3333 ma-na KÙ.GI ša-lim-a-šur a-na a-šur-iš-tí-kál DUMU sú-kà…
Retrieved English hint: To Ilī-emūqī, Šu-Tammuzi, Abiya, Elaya and Lamassī from Adida and Ali-ahum: Šalim-Aššur invested 3 3333 minas of gold in Aššuriš-tikal son of Sukkalliya When Šalim-Aššur was about to leave he said to","To Ilī-emūqī, Šu-Tammuzi, Abiya, Elaya and Lamassī from Adida and Ali-ahum: After Šalim-Aššur died our father's customers to whom he owed silver there treated me and Ennam-Aššur badly, we were detained and our outstanding claims blocked, and you heard about it","To Ilī-emūqī, Šu-Tammuzi, Abiya, Elaya and Lamassī from Adida and Ali-ahum: Šalim-Aššur invested 3 3333 minas of gold in Aššurištikal son of Sukkalliya When Šalim-Aššur was about to leave <gap>"
